Model,MAE,RMSE,MAPE
SARIMA,51585.634271,55573.613822,63.538688
Prophet,14309.98695,18954.579462,17.469222
XGBoost,9812.411198,14124.74914,11.180919
